INSERT INTO contact ( ID, NAME, CELLPHONE, OBJECT_ID, OBJECT_TYPE, CREATED_AT, CREATED_BY, MAIN, FLAG_ACTIVE) VALUES (1,'Joao', '034999909311', 1, 1, TO_DATE('05/09/2018','dd/MM/RRRR'), 'SYSTEM', true, true);
INSERT INTO contact ( ID, NAME, CELLPHONE, OBJECT_ID, OBJECT_TYPE, CREATED_AT, CREATED_BY, FLAG_ACTIVE) VALUES (2,'Maria', '034999909311', 1, 1, TO_DATE('05/09/2018','dd/MM/RRRR'), 'SYSTEM', true);
INSERT INTO contact ( ID, NAME, CELLPHONE, OBJECT_ID, OBJECT_TYPE, CREATED_AT, CREATED_BY, MAIN, FLAG_ACTIVE) VALUES (3,'Caetano', '034999909010', 2, 1, TO_DATE('05/09/2018','dd/MM/RRRR'), 'SYSTEM', true, true);

INSERT INTO PATIENT ( ID, NAME, DOCUMENT_NUMBER, CREATED_AT, CREATED_BY, BIRTHDATE, NACIONALITY, SEX, CIVIL_STATUS, JOB)
VALUES ( 1,'JOAO LUDOVICO', '09574539652', TO_DATE('05/09/2018','DD/MM/RRRR'), 'SYSTEM', TO_DATE('25/01/1991','DD/MM/RRRR'), 'BRASILEIRA', 'M', 'SOLTEIRO', 'ANALISTA DE TI' );

INSERT INTO EXAM_REQUEST ( ID, MEDICAL_RECORD, MEDICAL_REQUEST, SECTOR, DOCTOR_REQUESTANT, USER_REQUEST, PATIENT_ID, REQUEST_DATE, CREATED_AT, CREATED_BY )
values (1, 333, 333, 'UFU', 'PAULO', 'TESTE', 1, TO_DATE('05/09/2018','DD/MM/RRRR'), TO_DATE('05/09/2018','DD/MM/RRRR'), 'SYSTEM');

INSERT INTO UNIT (ID, NAME, DESCRIPTION) VALUES (1, 'mg', 'miligramas');
INSERT INTO UNIT (ID, NAME, DESCRIPTION) VALUES (2, 'g', 'gramas');
INSERT INTO UNIT (ID, NAME, DESCRIPTION) VALUES (3, 'ml', 'mililitros');
INSERT INTO UNIT (ID, NAME, DESCRIPTION) VALUES (4, 'l', 'litros');
INSERT INTO UNIT (ID, NAME, DESCRIPTION) VALUES (5, 'cmp', 'comprimido');
INSERT INTO UNIT (ID, NAME, DESCRIPTION) VALUES (6, 'unit', 'unidade');

INSERT INTO MEDICAMENT (ID, NAME, DESCRIPTION, CREATED_AT, CREATED_BY) VALUES (1, 'DIPIRONA', 'teste', TO_DATE('05/09/2018','DD/MM/RRRR'), 'SYSTEM');
INSERT INTO MEDICAMENT (ID, NAME, DESCRIPTION, CREATED_AT, CREATED_BY) VALUES (2, 'ANTI-INFLAMATORIO', 'teste', TO_DATE('05/09/2018','DD/MM/RRRR'), 'SYSTEM');

INSERT INTO EXAM ( ID, CLINICAL_DATA, PATIENT_ID, ACHIEVEMENT_DATE, CREATED_AT, CREATED_BY )
values (1, 'TESTE', 1, TO_DATE('10/10/2018','DD/MM/RRRR'), TO_DATE('05/09/2018','DD/MM/RRRR'), 'SYSTEM');

INSERT INTO EXAM_MEDICAMENT ( ID, EXAM_ID, MEDICAMENT_ID, UNIT_ID, AMOUNT, CREATED_AT, CREATED_BY )
values (1, 1, 2, 1, 50, TO_DATE('05/09/2018','DD/MM/RRRR'), 'SYSTEM');
INSERT INTO EXAM_MEDICAMENT ( ID, EXAM_ID, MEDICAMENT_ID, UNIT_ID, AMOUNT, CREATED_AT, CREATED_BY )
values (2, 1, 1, 2, 1, TO_DATE('05/09/2018','DD/MM/RRRR'), 'SYSTEM');

INSERT INTO EQUIPMENT (ID, NAME, DESCRIPTION, CREATED_AT, CREATED_BY) VALUES (1, 'BRAINVISIAN', 'teste', TO_DATE('05/09/2018','DD/MM/RRRR'), 'SYSTEM');
INSERT INTO EQUIPMENT (ID, NAME, DESCRIPTION, CREATED_AT, CREATED_BY) VALUES (2, 'ELETRODOS', 'teste', TO_DATE('05/09/2018','DD/MM/RRRR'), 'SYSTEM');

INSERT INTO EXAM_EQUIPMENT ( ID, EXAM_ID, EQUIPMENT_ID, UNIT_ID, AMOUNT, CREATED_AT, CREATED_BY )
values (1, 1, 2, 6, 20, TO_DATE('05/09/2018','DD/MM/RRRR'), 'SYSTEM');
INSERT INTO EXAM_EQUIPMENT ( ID, EXAM_ID, EQUIPMENT_ID, UNIT_ID, AMOUNT, CREATED_AT, CREATED_BY )
values (2, 1, 1, 6, 1, TO_DATE('05/09/2018','DD/MM/RRRR'), 'SYSTEM');

INSERT INTO EPOCH ( ID, EXAM_ID, START_TIME, DURATION, DESCRIPTION, CREATED_AT, CREATED_BY )
values (1, 1, 320, 120, 'Em Silêncio', TO_DATE('05/09/2018','DD/MM/RRRR'), 'SYSTEM');
INSERT INTO EPOCH ( ID, EXAM_ID, START_TIME, DURATION, DESCRIPTION, CREATED_AT, CREATED_BY )
values (2, 1, 120, 120, 'Musica Boa', TO_DATE('05/09/2018','DD/MM/RRRR'), 'SYSTEM');


INSERT INTO PATIENT ( ID, NAME, DOCUMENT_NUMBER, CREATED_AT, CREATED_BY, BIRTHDATE, NACIONALITY, SEX, JOB)
VALUES ( 2,'V019', '00000000019', TO_DATE('30/06/2017','DD/MM/RRRR'), 'SYSTEM', TO_DATE('01/01/1991','DD/MM/RRRR'), 'BRASILEIRA', 'M', 'ESTUDANTE' );
INSERT INTO EXAM ( ID, CLINICAL_DATA, PATIENT_ID, ACHIEVEMENT_DATE, CREATED_AT, CREATED_BY, HEIGHT, WEIGHT )
values (2, NULL, 2, TO_DATE('20/12/2016','DD/MM/RRRR'), TO_DATE('30/06/2017','DD/MM/RRRR'), 'SYSTEM', 175, 71);
INSERT INTO EXAM_EQUIPMENT ( ID, EXAM_ID, EQUIPMENT_ID, UNIT_ID, AMOUNT, CREATED_AT, CREATED_BY )
values (3, 2, 2, 6, 20, TO_DATE('30/06/2017','DD/MM/RRRR'), 'SYSTEM');
INSERT INTO EXAM_EQUIPMENT ( ID, EXAM_ID, EQUIPMENT_ID, UNIT_ID, AMOUNT, CREATED_AT, CREATED_BY )
values (4, 2, 1, 6, 1, TO_DATE('30/06/2017','DD/MM/RRRR'), 'SYSTEM');
INSERT INTO EPOCH (CREATED_AT, CREATED_BY, DESCRIPTION, DURATION, EXAM_ID, START_TIME, ID)
VALUES (TO_DATE('30/06/2017','DD/MM/RRRR'), 'SYSTEM', 'Vazio (Gravado com eletrodos soltos)', 180, 2, 0, 3);
INSERT INTO EPOCH (CREATED_AT, CREATED_BY, DESCRIPTION, DURATION, EXAM_ID, START_TIME, ID)
VALUES (TO_DATE('30/06/2017','DD/MM/RRRR'), 'SYSTEM', 'Olhos Fechados', 180, 2, 0, 4);
INSERT INTO EPOCH (CREATED_AT, CREATED_BY, DESCRIPTION, DURATION, EXAM_ID, START_TIME, ID)
VALUES (TO_DATE('30/06/2017','DD/MM/RRRR'), 'SYSTEM', '', 180, 2, 0, 5);
INSERT INTO EPOCH (CREATED_AT, CREATED_BY, DESCRIPTION, DURATION, EXAM_ID, START_TIME, ID)
VALUES (TO_DATE('30/06/2017','DD/MM/RRRR'), 'SYSTEM', '', 180, 2, 0, 6);
INSERT INTO EPOCH (CREATED_AT, CREATED_BY, DESCRIPTION, DURATION, EXAM_ID, START_TIME, ID)
VALUES (TO_DATE('30/06/2017','DD/MM/RRRR'), 'SYSTEM', '', 180, 2, 0, 7);
INSERT INTO EPOCH (CREATED_AT, CREATED_BY, DESCRIPTION, DURATION, EXAM_ID, START_TIME, ID)
VALUES (TO_DATE('30/06/2017','DD/MM/RRRR'), 'SYSTEM', '', 180, 2, 0, 8);
INSERT INTO EPOCH (CREATED_AT, CREATED_BY, DESCRIPTION, DURATION, EXAM_ID, START_TIME, ID)
VALUES (TO_DATE('30/06/2017','DD/MM/RRRR'), 'SYSTEM', '', 180, 2, 0, 9);
INSERT INTO EPOCH (CREATED_AT, CREATED_BY, DESCRIPTION, DURATION, EXAM_ID, START_TIME, ID)
VALUES (TO_DATE('30/06/2017','DD/MM/RRRR'), 'SYSTEM', '', 180, 2, 0, 10);
INSERT INTO EPOCH (CREATED_AT, CREATED_BY, DESCRIPTION, DURATION, EXAM_ID, START_TIME, ID)
VALUES (TO_DATE('30/06/2017','DD/MM/RRRR'), 'SYSTEM', 'Vazio (Gravado com eletrodos soltos)', 180, 2, 0, 11);
INSERT INTO EPOCH (CREATED_AT, CREATED_BY, DESCRIPTION, DURATION, EXAM_ID, START_TIME, ID)
VALUES (TO_DATE('30/06/2017','DD/MM/RRRR'), 'SYSTEM', 'Olhos Fechados', 180, 2, 0, 12);

INSERT INTO ACTIVITY (CREATED_AT, CREATED_BY, DESCRIPTION, DURATION, EXAM_ID, START_TIME, ID)
VALUES (TO_DATE('30/06/2017','DD/MM/RRRR'), 'SYSTEM', 'Vazio (Gravado com eletrodos soltos)', 180, 2, 0, 3);
INSERT INTO ACTIVITY (CREATED_AT, CREATED_BY, DESCRIPTION, DURATION, EXAM_ID, START_TIME, ID)
VALUES (TO_DATE('30/06/2017','DD/MM/RRRR'), 'SYSTEM', 'Olhos Fechados', 180, 2, 180, 4);
INSERT INTO ACTIVITY (CREATED_AT, CREATED_BY, DESCRIPTION, DURATION, EXAM_ID, START_TIME, ID)
VALUES (TO_DATE('30/06/2017','DD/MM/RRRR'), 'SYSTEM', 'Olhos Abertos', 180, 2, 360, 5);
INSERT INTO ACTIVITY (CREATED_AT, CREATED_BY, DESCRIPTION, DURATION, EXAM_ID, START_TIME, ID)
VALUES (TO_DATE('30/06/2017','DD/MM/RRRR'), 'SYSTEM', 'Hiperventilação', 120, 2, 540, 6);
INSERT INTO ACTIVITY (CREATED_AT, CREATED_BY, DESCRIPTION, DURATION, EXAM_ID, START_TIME, ID)
VALUES (TO_DATE('30/06/2017','DD/MM/RRRR'), 'SYSTEM', 'Descanso Hiperventilação', 120, 2, 660, 7);
INSERT INTO ACTIVITY (CREATED_AT, CREATED_BY, DESCRIPTION, DURATION, EXAM_ID, START_TIME, ID)
VALUES (TO_DATE('30/06/2017','DD/MM/RRRR'), 'SYSTEM', 'Cálculos Matemáticos', 29, 2, 780, 8);
INSERT INTO ACTIVITY (CREATED_AT, CREATED_BY, DESCRIPTION, DURATION, EXAM_ID, START_TIME, ID)
VALUES (TO_DATE('30/06/2017','DD/MM/RRRR'), 'SYSTEM', 'Leitura / Resposta de palavras', 131, 2, 810, 9);
INSERT INTO ACTIVITY (CREATED_AT, CREATED_BY, DESCRIPTION, DURATION, EXAM_ID, START_TIME, ID)
VALUES (TO_DATE('30/06/2017','DD/MM/RRRR'), 'SYSTEM', 'Mordedura', 30, 2, 942, 10);
INSERT INTO ACTIVITY (CREATED_AT, CREATED_BY, DESCRIPTION, DURATION, EXAM_ID, START_TIME, ID)
VALUES (TO_DATE('30/06/2017','DD/MM/RRRR'), 'SYSTEM', 'Franzir Testa', 27, 2, 972, 11);
INSERT INTO ACTIVITY (CREATED_AT, CREATED_BY, DESCRIPTION, DURATION, EXAM_ID, START_TIME, ID)
VALUES (TO_DATE('30/06/2017','DD/MM/RRRR'), 'SYSTEM', 'Piscar', 15, 2, 1000, 12);
INSERT INTO ACTIVITY (CREATED_AT, CREATED_BY, DESCRIPTION, DURATION, EXAM_ID, START_TIME, ID)
VALUES (TO_DATE('30/06/2017','DD/MM/RRRR'), 'SYSTEM', 'Movimentos Oculares', 14, 2, 1015, 13);
INSERT INTO ACTIVITY (CREATED_AT, CREATED_BY, DESCRIPTION, DURATION, EXAM_ID, START_TIME, ID)
VALUES (TO_DATE('30/06/2017','DD/MM/RRRR'), 'SYSTEM', 'Musica', 60, 2, 1029, 14);
INSERT INTO ACTIVITY (CREATED_AT, CREATED_BY, DESCRIPTION, DURATION, EXAM_ID, START_TIME, ID)
VALUES (TO_DATE('30/06/2017','DD/MM/RRRR'), 'SYSTEM', 'Olhos Fechados Música', 60, 2, 1089, 15);

